CRASH_ID,UNIT_NBR,UNIT_DESC_ID,VEH_PARKED_FL,VEH_HNR_FL,VEH_LIC_STATE_ID,VIN,VEH_MOD_YEAR,VEH_COLOR_ID,VEH_MAKE_ID,VEH_MOD_ID,VEH_BODY_STYL_ID,EMER_RESPNDR_FL,OWNR_ZIP,FIN_RESP_PROOF_ID,FIN_RESP_TYPE_ID,VEH_DMAG_AREA_1_ID,VEH_DMAG_SCL_1_ID,FORCE_DIR_1_ID,VEH_DMAG_AREA_2_ID,VEH_DMAG_SCL_2_ID,FORCE_DIR_2_ID,VEH_INVENTORIED_FL,VEH_TRANSP_NAME,VEH_TRANSP_DEST,CONTRIB_FACTR_1_ID,CONTRIB_FACTR_2_ID,CONTRIB_FACTR_P1_ID,VEH_TRVL_DIR_ID,FIRST_HARM_EVT_INV_ID,INCAP_INJRY_CNT,NONINCAP_INJRY_CNT,POSS_INJRY_CNT,NON_INJRY_CNT,UNKN_INJRY_CNT,TOT_INJRY_CNT,DEATH_CNT
14925109,2,MOTOR VEHICLE,N,N,TX,1HD1GN4129K320162,NA,RED,HARLEY-DAVIDSON,NA,MOTORCYCLE,N,77632,1,PROOF OF LIABILITY INSURANCE,"MOTORCYCLE, SCOOTER, MOPED, ETC. ONLY",DAMAGED 1 MINIMUM,12,NA,NA,NA,,TAKEN AWAY BY FAMILY,,NONE,NA,NA,SOUTHWEST,Y,0,0,0,1,0,0,0
14925263,1,MOTOR VEHICLE,N,N,TX,1HD1BPL13TY040931,1996,BLK,HARLEY-DAVIDSON,NA,MOTORCYCLE,N,75061,1,PROOF OF LIABILITY INSURANCE,"MOTORCYCLE, SCOOTER, MOPED, ETC. ONLY",DAMAGED 1 MINIMUM,12,NA,NA,NA,Y,PRO TOW WRECKER,IRVING AUTO POUND,UNSAFE SPEED,NA,UNDER INFLUENCE - ALCOHOL,WEST,Y,0,1,0,0,0,1,0
14925505,3,MOTOR VEHICLE,N,N,TX,1HD1BX5188Y024230,NA,MUL,HARLEY-DAVIDSON,UNKNOWN,MOTORCYCLE,N,78218,1,LIABILITY INSURANCE POLICY,FRONT END DAMAGE CONCENTRATED IMPACT,DAMAGED 2,1,"MOTORCYCLE, SCOOTER, MOPED, ETC. ONLY",DAMAGED 1 MINIMUM,9,N,TEXAS TOWING,GROWDON POUND,NONE,NA,NA,NORTH,Y,0,0,0,0,0,0,1
14925546,2,MOTOR VEHICLE,N,N,TX,1HD1CGP17XK129529,1999,PLE,HARLEY-DAVIDSON,NA,MOTORCYCLE,N,76026,1,PROOF OF LIABILITY INSURANCE,FRONT END DAMAGE DISTRIBUTED IMPACT,DAMAGED 2,12,NA,NA,NA,N,,,NONE,NA,NA,EAST,Y,0,1,0,0,0,1,0
14926725,1,MOTOR VEHICLE,N,N,TX,1V9FV31A44R116744,2004,BLK,UNKNOWN,UNKNOWN,MOTORCYCLE,N,77573,1,PROOF OF LIABILITY INSURANCE,"MOTORCYCLE, SCOOTER, MOPED, ETC. ONLY",DAMAGED 1 MINIMUM,12,NA,NA,NA,Y,"BOSONE, INC","BOSONE, INC",NONE,NA,NA,EAST,Y,0,1,0,0,0,1,0
14926725,1,MOTOR VEHICLE,N,N,TX,1V9FV31A44R116744,2004,BLK,UNKNOWN,UNKNOWN,MOTORCYCLE,N,77573,1,PROOF OF LIABILITY INSURANCE,"MOTORCYCLE, SCOOTER, MOPED, ETC. ONLY",DAMAGED 1 MINIMUM,12,NA,NA,NA,Y,"BOSONE, INC","BOSONE, INC",NONE,NA,NA,EAST,Y,0,1,0,0,0,1,0
14927427,2,MOTOR VEHICLE,N,N,TX,1HD1JD51X8YD51852,NA,BLU,HARLEY-DAVIDSON,NA,MOTORCYCLE,N,77521,2,NA,RIGHT SIDE DAMAGE ANGULAR IMPACT,DAMAGED 2,3,NA,NA,NA,N,HWY 90 WRECKER,5552 N. MAIN  PH# (832) 475-5776,NONE,NA,NA,NORTH,Y,1,0,0,0,0,1,0
14928885,2,MOTOR VEHICLE,N,N,TX,JH2PC35075M600781,2005,RED,HONDA,NA,MOTORCYCLE,N,75211,1,PROOF OF LIABILITY INSURANCE,"MOTORCYCLE, SCOOTER, MOPED, ETC. ONLY",DAMAGED 1 MINIMUM,11,NA,NA,NA,Y,CONTRACT WRECKER,"1955 VILBIG, DALLAS, TEXAS",NONE,NA,NA,EAST,Y,0,1,0,0,0,1,0
14929575,2,MOTOR VEHICLE,N,N,TX,1HD1GXM1XFC312473,NA,BLK,HARLEY-DAVIDSON,UNKNOWN,MOTORCYCLE,N,75040,1,PROOF OF LIABILITY INSURANCE,"MOTORCYCLE, SCOOTER, MOPED, ETC. ONLY",DAMAGED 1 MINIMUM,5,NA,NA,NA,Y,CONTRACT WRECKER,POLICE AUTO POUND,NONE,NA,NA,NORTHWEST,Y,1,0,0,0,0,1,0
14930521,1,MOTOR VEHICLE,N,N,TX,SMT600FM11J120729,2001,BLU,NA,NA,MOTORCYCLE,N,78737,1,LIABILITY INSURANCE POLICY,"MOTORCYCLE, SCOOTER, MOPED, ETC. ONLY",DAMAGED 1 MINIMUM,12,NA,NA,NA,N,SOUTHSIDE WRECKER INC,SOUTHSIDE WRECKER INC,FAILED TO CONTROL SPEED,DISREGARD TURN MARKS AT INTERSECTION,NA,WEST,Y,1,0,0,0,0,1,0
14930818,2,MOTOR VEHICLE,N,N,TX,2BXNBDD27FV002465,NA,WHI,CAN-AM,NA,MOTORCYCLE,N,75462,1,PROOF OF LIABILITY INSURANCE,FRONT END DAMAGE CONCENTRATED IMPACT,DAMAGED 1 MINIMUM,6,NA,NA,NA,N,NOT TOWED,,NONE,NA,NA,WEST,Y,0,0,0,1,0,0,0
14931654,1,MOTOR VEHICLE,N,N,TX,1HD1DAL18KY505998,1989,WHI,HARLEY-DAVIDSON,UNKNOWN,MOTORCYCLE,N,78608,1,LIABILITY INSURANCE POLICY,"MOTORCYCLE, SCOOTER, MOPED, ETC. ONLY",DAMAGED 1 MINIMUM,NA,NA,NA,NA,Y,ASAP TOWING,"6046 WILLIAMS DR, GEORGETOWN, TX 78633",UNDER INFLUENCE - DRUG,NA,HAD BEEN DRINKING,NORTHWEST,Y,1,0,0,0,0,1,0
14932523,2,MOTOR VEHICLE,Y,N,TX,JS1GN7DA562119567,2006,RED,SUZUKI,NA,MOTORCYCLE,N,75833,2,NA,"MOTORCYCLE, SCOOTER, MOPED, ETC. ONLY",DAMAGED 1 MINIMUM,3,NA,NA,NA,N,,,NONE,NA,NA,EAST,Y,0,0,0,0,0,0,0
14932523,3,MOTOR VEHICLE,Y,N,TX,1HFSC52666A300536,2006,BLK,HONDA,NA,MOTORCYCLE,N,75852,2,NA,"MOTORCYCLE, SCOOTER, MOPED, ETC. ONLY",DAMAGED 1 MINIMUM,3,NA,NA,NA,N,,,NONE,NA,NA,EAST,N,0,0,0,0,0,0,0
14932523,4,MOTOR VEHICLE,Y,N,TX,1HD1FDV151Y660161,2001,BLU,HARLEY-DAVIDSON,NA,MOTORCYCLE,N,77650,2,NA,"MOTORCYCLE, SCOOTER, MOPED, ETC. ONLY",DAMAGED 1 MINIMUM,3,NA,NA,NA,N,,,NONE,NA,NA,EAST,N,0,0,0,0,0,0,0
14932694,2,MOTOR VEHICLE,N,N,OK,JYAVM01E16A091413,2006,BLU,YAMAHA,UNKNOWN,MOTORCYCLE,N,78758,1,LIABILITY INSURANCE POLICY,FRONT END DAMAGE DISTRIBUTED IMPACT,DAMAGED 3,10,NA,NA,NA,N,LAKESIDE,YARD,NONE,NA,NA,NORTH,Y,1,0,0,0,0,1,1
14932787,2,MOTOR VEHICLE,N,N,TX,JH2RC53557M000220,2007,RED,HONDA,NA,MOTORCYCLE,N,78597,2,NA,"MOTORCYCLE, SCOOTER, MOPED, ETC. ONLY",DAMAGED 1 MINIMUM,3,NA,NA,NA,N,LEFT AT LOCATION BY DRIVER,,NONE,NA,NA,NORTH,Y,0,0,1,0,0,1,0
14934317,1,MOTOR VEHICLE,N,N,TX,JYARJ16E2CA026736,NA,GRY,YAMAHA,NA,MOTORCYCLE,N,78758,1,PROOF OF LIABILITY INSURANCE,FRONT END DAMAGE DISTRIBUTED IMPACT,DAMAGED 5,12,FRONT END DAMAGE DISTRIBUTED IMPACT,DAMAGED 5,11,N,HERNANDEZ WRECKER SERVICE,HERNANDEZ WRECKER SERVICE,FAILED TO CONTROL SPEED,NA,DRIVER INATTENTION,SOUTH,Y,0,0,0,1,0,0,0
14934714,2,MOTOR VEHICLE,N,N,TX,JYAVG04E6DA016464,NA,BLU,YAMAHA,UNKNOWN,MOTORCYCLE,N,75935,1,PROOF OF LIABILITY INSURANCE,"MOTORCYCLE, SCOOTER, MOPED, ETC. ONLY",DAMAGED 1 MINIMUM,NA,NA,NA,NA,N,,,NONE,NA,NA,SOUTH,Y,0,2,0,0,0,2,0
14935162,2,MOTOR VEHICLE,N,N,TX,JH2PF01126K400750,2006,BLU,HONDA,UNKNOWN,MOTORCYCLE,N,77043,1,PROOF OF LIABILITY INSURANCE,"MOTORCYCLE, SCOOTER, MOPED, ETC. ONLY",DAMAGED 1 MINIMUM,NA,NA,NA,NA,N,,PARKED AT 10100 HAMMERLY,NONE,NA,NA,EAST,Y,0,1,0,0,0,1,0
14936103,2,MOTOR VEHICLE,N,N,TX,1HD1CGP195K423463,2005,BLK,HARLEY-DAVIDSON,UNKNOWN,MOTORCYCLE,N,77511,1,LIABILITY INSURANCE POLICY,FRONT END DAMAGE DISTRIBUTED IMPACT,DAMAGED 4,12,NA,NA,NA,N,LAWRENCE WRECKER,3540 N GORDON ST,NONE,NA,NA,EAST,Y,1,0,0,0,0,1,0
14936734,2,MOTOR VEHICLE,N,Y,TX,JH2PC2102VM800659,1997,BLK,HONDA,UNKNOWN,MOTORCYCLE,N,79763,1,PROOF OF LIABILITY INSURANCE,BACK END DAMAGE DISTRIBUTED IMPACT,DAMAGED 1 MINIMUM,6,NA,NA,NA,,,,CHANGED LANE WHEN UNSAFE,NA,NA,WEST,Y,0,0,0,1,0,0,0
14937066,2,MOTOR VEHICLE,N,N,TX,JYARJ16EXEA030987,NA,GRY,YAMAHA,UNKNOWN,MOTORCYCLE,N,78043,2,NA,"MOTORCYCLE, SCOOTER, MOPED, ETC. ONLY",DAMAGED 1 MINIMUM,12,NA,NA,NA,Y,CABELLO WRECKER SERVICE,"2601 GUADALUPE ST. LAREDO, TX",NONE,NA,NA,NORTH,Y,0,0,1,0,0,1,0
14937166,2,MOTOR VEHICLE,N,N,TX,JH2SC57004M000332,2004,BLK,HONDA,NA,MOTORCYCLE,N,78566,1,PROOF OF LIABILITY INSURANCE,"MOTORCYCLE, SCOOTER, MOPED, ETC. ONLY",DAMAGED 1 MINIMUM,11,NA,NA,NA,,EXPRESSWAY TOWING,"602 N COMMERCE, HARLINGEN",NONE,NA,NA,SOUTH,Y,1,0,0,0,0,1,0
14937631,2,MOTOR VEHICLE,N,N,TX,1HD1KRM15FB661427,NA,WHI,HARLEY-DAVIDSON,NA,MOTORCYCLE,N,77657,1,PROOF OF LIABILITY INSURANCE,"MOTORCYCLE, SCOOTER, MOPED, ETC. ONLY",DAMAGED 1 MINIMUM,NA,NA,NA,NA,Y,BIGBIRD'S WRECKER,"195 S LHS DR, LUMBERTON, TX 77657",NONE,NA,NA,NORTH,Y,0,0,0,0,0,0,1
14938064,1,MOTOR VEHICLE,N,N,TX,JKAZX4R179A013111,NA,BLK,KAWASAKI,NA,MOTORCYCLE,N,79916,1,PROOF OF LIABILITY INSURANCE,RIGHT SIDE DAMAGE ANGULAR IMPACT,DAMAGED 2,3,LEFT SIDE DAMAGE ANGULAR IMPACT,DAMAGED 2,9,N,DEPENDABLE TOWING,11052 MIRAGE,OTHER (EXPLAIN IN NARRATIVE),NA,DRIVER INATTENTION,EAST,Y,0,0,1,0,0,1,0
14939121,1,MOTOR VEHICLE,N,N,TX,JS1VS55A092102084,NA,MAR,SUZUKI,NA,MOTORCYCLE,N,78596,1,PROOF OF LIABILITY INSURANCE,RIGHT SIDE DAMAGE ANGULAR IMPACT,DAMAGED 3,3,LEFT SIDE DAMAGE ANGULAR IMPACT,DAMAGED 3,3,N,ABF WRECKER,"3900 E BUSINESS 83 WESLACO, TX",NONE,NA,NA,WEST,Y,1,0,0,0,0,1,0
14939305,2,MOTOR VEHICLE,N,N,TX,1HD1BMY182Y028974,2002,BLK,HARLEY-DAVIDSON,NA,MOTORCYCLE,N,79606,1,LIABILITY INSURANCE POLICY,BACK END DAMAGE DISTRIBUTED IMPACT,DAMAGED 4,6,NA,NA,NA,N,OBARS,3210 PLUM,NONE,NA,NA,SOUTH,Y,1,0,0,0,0,1,0
14939538,4,MOTOR VEHICLE,N,N,TX,1HD1BML13VY056046,1997,SIL,HARLEY-DAVIDSON,NA,MOTORCYCLE,N,76050,1,PROOF OF LIABILITY INSURANCE,DISTRIBUTED RIGHT SIDE DAMAGE PARALLEL IMPACT,DAMAGED 1 MINIMUM,3,DISTRIBUTED LEFT SIDE DAMAGE PARALLEL IMPACT,DAMAGED 1 MINIMUM,9,N,,,NONE,NA,NA,EAST,N,0,0,0,1,0,0,0
14940254,2,MOTOR VEHICLE,N,N,TX,JS1VP52A112101164,2001,BLU,SUZUKI,NA,MOTORCYCLE,N,78654,1,PROOF OF LIABILITY INSURANCE,"MOTORCYCLE, SCOOTER, MOPED, ETC. ONLY",DAMAGED 1 MINIMUM,NA,NA,NA,NA,N,SHAWN CLAIBORNE,"2100 CR122 MARBLE FALLS, TX 78654",NONE,NA,NA,NORTHWEST,Y,0,1,0,0,0,1,0
14941185,2,MOTOR VEHICLE,N,N,TX,JH2RC440X2M614377,2002,YEL,HONDA,NA,MOTORCYCLE,N,78155,1,PROOF OF LIABILITY INSURANCE,DISTRIBUTED LEFT SIDE DAMAGE PARALLEL IMPACT,DAMAGED 2,9,NA,NA,NA,N,BIG D WRECKER,2140 HUBER RD,NONE,NA,NA,EAST,Y,0,0,0,1,0,0,0
14941912,3,MOTOR VEHICLE,N,N,TX,MLHPC4668E5100217,NA,WHI,HONDA,UNKNOWN,MOTORCYCLE,N,78613,1,PROOF OF LIABILITY INSURANCE,"MOTORCYCLE, SCOOTER, MOPED, ETC. ONLY",DAMAGED 1 MINIMUM,3,NA,NA,NA,N,,,NONE,NA,NA,NORTHEAST,N,0,0,0,1,0,0,0
14943639,3,MOTOR VEHICLE,N,N,TX,ZAPM590T785000317,NA,BLK,PIAGGIO,NA,MOTORCYCLE,N,78738,1,PROOF OF LIABILITY INSURANCE,FRONT END DAMAGE DISTRIBUTED IMPACT,DAMAGED 3,1,NA,NA,NA,Y,GRIFFITH WRECKER,253 CR 418 D HENDERSON,NONE,NA,NA,SOUTH,N,1,0,0,0,0,1,0
14944292,2,MOTOR VEHICLE,N,N,TX,1HD4CR2147K424216,2007,RED,HARLEY-DAVIDSON,UNKNOWN,MOTORCYCLE,N,77356,1,LIABILITY INSURANCE POLICY,"MOTORCYCLE, SCOOTER, MOPED, ETC. ONLY",DAMAGED 1 MINIMUM,NA,NA,NA,NA,N,,,NONE,NA,NA,EAST,Y,0,0,1,0,0,1,0
14944481,1,MOTOR VEHICLE,N,N,TX,1HD1KBW386Y600169,2006,BLU,HARLEY-DAVIDSON,NA,MOTORCYCLE,N,79045,1,PROOF OF LIABILITY INSURANCE,FRONT END (RIGHT)  DAMAGE PARTIAL CONTACT,DAMAGED 1 MINIMUM,2,RIGHT SIDE DAMAGE ANGULAR IMPACT,DAMAGED 2,3,N,,,FAILED TO CONTROL SPEED,NA,NA,WEST,Y,0,1,0,0,0,1,0
14946940,2,MOTOR VEHICLE,N,N,TX,JKBVNKD1X7A012429,2007,BLK,KAWASAKI,NA,MOTORCYCLE,N,77375,1,PROOF OF LIABILITY INSURANCE,FRONT END DAMAGE CONCENTRATED IMPACT,DAMAGED 2,12,NA,NA,NA,Y,BB&T RECOVERY/TRANSMISSION,"11815 1/2 MISTY VALLEY HOUSTON,TX 77066",NONE,NA,NA,WEST,Y,0,1,0,0,0,1,0
14947649,2,MOTOR VEHICLE,N,N,TX,L5YTCKPA691107388,NA,GRY,UNKNOWN,UNKNOWN,MOTORCYCLE,N,,2,NA,DISTRIBUTED RIGHT SIDE DAMAGE PARALLEL IMPACT,DAMAGED 3,3,NA,NA,NA,N,MISSION,GROWDON,NONE,NA,NA,NORTHEAST,Y,1,0,1,0,0,2,0
14947649,2,MOTOR VEHICLE,N,N,TX,L5YTCKPA691107388,NA,GRY,UNKNOWN,UNKNOWN,MOTORCYCLE,N,,2,NA,DISTRIBUTED RIGHT SIDE DAMAGE PARALLEL IMPACT,DAMAGED 3,3,NA,NA,NA,N,MISSION,GROWDON,NONE,NA,NA,NORTHEAST,Y,1,0,1,0,0,2,0
14948151,2,MOTOR VEHICLE,N,N,TX,1HFSC52066A304758,2006,RED,HONDA,UNKNOWN,MOTORCYCLE,N,78521,1,PROOF OF LIABILITY INSURANCE,DISTRIBUTED LEFT SIDE DAMAGE PARALLEL IMPACT,DAMAGED 2,9,NA,NA,NA,Y,VALLEY TOWING WRECKER SERVICE,"6830 NORTH EXPRESSWAY, BROWNSVILLE, TX.",PASSED ON RIGHT SHOULDER,NA,NA,WEST,Y,0,0,0,0,0,0,1
14950216,1,MOTOR VEHICLE,N,N,TX,1HD1KEL17GB627906,NA,BLK,HARLEY-DAVIDSON,UNKNOWN,MOTORCYCLE,N,78620,1,PROOF OF LIABILITY INSURANCE,"MOTORCYCLE, SCOOTER, MOPED, ETC. ONLY",DAMAGED 1 MINIMUM,NA,NA,NA,NA,Y,TOWED AWAY BY FAMILY,TOWED AWAY BY FAMILY,UNSAFE SPEED,NA,HAD BEEN DRINKING,NORTHWEST,Y,0,1,0,0,0,1,0
14951842,4,MOTOR VEHICLE,N,N,TX,1HD1JD514BB045085,NA,BLK,HARLEY-DAVIDSON,NA,MOTORCYCLE,N,78586,1,PROOF OF LIABILITY INSURANCE,"MOTORCYCLE, SCOOTER, MOPED, ETC. ONLY",DAMAGED 1 MINIMUM,NA,NA,NA,NA,Y,LA FERIA WRECKER 956-797-2123,"26938 RD 374, LA FERIA, TX 78559",NA,NA,IMPAIRED VISIBILITY (EXPLAIN IN NARRATIVE),WEST,N,1,0,0,0,0,1,0
14953942,1,MOTOR VEHICLE,N,N,TX,1HD1BVB185Y022997,2005,BLK,HARLEY-DAVIDSON,UNKNOWN,MOTORCYCLE,N,77581,1,PROOF OF LIABILITY INSURANCE,"MOTORCYCLE, SCOOTER, MOPED, ETC. ONLY",DAMAGED 1 MINIMUM,6,"MOTORCYCLE, SCOOTER, MOPED, ETC. ONLY",DAMAGED 1 MINIMUM,9,Y,TAYLOR TOWING,TAYLOR TOWING,FLEEING OR EVADING POLICE,FAULTY EVASIVE ACTION,NA,WEST,Y,0,0,0,1,0,0,0
14954085,3,MOTOR VEHICLE,N,N,TX,MLHMC4102D5303642,NA,ONG,HONDA,UNKNOWN,MOTORCYCLE,N,78263,1,LIABILITY INSURANCE POLICY,"MOTORCYCLE, SCOOTER, MOPED, ETC. ONLY",DAMAGED 1 MINIMUM,NA,NA,NA,NA,N,DRIVEN AWAY BY RIDER,DRIVER AWAY BY RIDER,NONE,NA,NA,SOUTHWEST,N,0,0,1,0,0,1,0
14955370,1,MOTOR VEHICLE,N,N,TX,JH2RC50069K502418,NA,BLK,HONDA,UNKNOWN,MOTORCYCLE,N,77565,1,PROOF OF LIABILITY INSURANCE,DISTRIBUTED RIGHT SIDE DAMAGE PARALLEL IMPACT,DAMAGED 2,1,NA,NA,NA,N,DRIVER,DRIVEN AWAY,NONE,NA,NA,NORTH,Y,0,1,0,0,0,1,0
14958707,1,MOTOR VEHICLE,N,N,TX,1HD1JA5127Y061045,2007,BLK,HARLEY-DAVIDSON,NA,MOTORCYCLE,N,78645,1,PROOF OF LIABILITY INSURANCE,"MOTORCYCLE, SCOOTER, MOPED, ETC. ONLY",DAMAGED 1 MINIMUM,1,NA,NA,NA,N,CEDAR PARK WRECKER (512)267-5100,"13300 B WIRE RD; LEANDER, TX",FAULTY EVASIVE ACTION,NA,UNDER INFLUENCE - ALCOHOL,NORTH,Y,0,0,0,1,0,0,0
14959434,2,MOTOR VEHICLE,N,N,NJ,JH2PF01149K700651,NA,RED,HONDA,NA,MOTORCYCLE,N,8648,1,PROOF OF LIABILITY INSURANCE,"MOTORCYCLE, SCOOTER, MOPED, ETC. ONLY",DAMAGED 1 MINIMUM,12,NA,NA,NA,N,,,NONE,NA,NA,SOUTH,Y,0,0,0,1,0,0,0
14961327,2,MOTOR VEHICLE,N,N,TX,1HD1JN512BB029568,NA,BLK,HARLEY-DAVIDSON,UNKNOWN,MOTORCYCLE,N,77511,1,LIABILITY INSURANCE POLICY,DISTRIBUTED LEFT SIDE DAMAGE PARALLEL IMPACT,DAMAGED 5,9,FRONT END DAMAGE DISTRIBUTED IMPACT,DAMAGED 4,12,Y,EASTSIDE WRECKER,"580 DICKINSON RD, ALVIN, TX",NONE,NA,NA,SOUTH,Y,0,0,0,0,0,0,1
14981969,4,MOTOR VEHICLE,Y,N,TX,1HD1FCW153Y640360,2003,MAR,HARLEY-DAVIDSON,UNKNOWN,MOTORCYCLE,N,77531,1,LIABILITY INSURANCE POLICY,FRONT END DAMAGE DISTRIBUTED IMPACT,DAMAGED 1 MINIMUM,12,RIGHT SIDE DAMAGE ANGULAR IMPACT,DAMAGED 1 MINIMUM,3,N,REGISTERED OWNER,ADDRESS,NONE,NA,NA,UNKNOWN,N,0,0,0,0,0,0,0
14986551,2,MOTOR VEHICLE,N,N,TX,1HD4LE21XFC408619,NA,BLK,HARLEY-DAVIDSON,NA,MOTORCYCLE,N,76008,1,PROOF OF LIABILITY INSURANCE,"MOTORCYCLE, SCOOTER, MOPED, ETC. ONLY",DAMAGED 1 MINIMUM,NA,NA,NA,NA,N,AREA TOWING (817)573-2101,"5906 GLEN ROSE HIGHWAY, GRANBURY, TEXAS",NONE,NA,NA,WEST,Y,0,0,1,0,0,1,0
15000073,2,MOTOR VEHICLE,N,N,TX,1HD1BLL19NY014927,1992,BLK,HARLEY-DAVIDSON,NA,MOTORCYCLE,N,76522,1,PROOF OF LIABILITY INSURANCE,"MOTORCYCLE, SCOOTER, MOPED, ETC. ONLY",DAMAGED 1 MINIMUM,NA,NA,NA,NA,Y,ACTION TOWING,"2611 FM 2657, COPPERAS COVE, TX.",UNDER INFLUENCE - ALCOHOL,NA,NA,WEST,Y,0,0,0,0,0,0,2
15101327,2,MOTOR VEHICLE,N,N,TX,1HD1KB4179Y635050,NA,BLK,HARLEY-DAVIDSON,UNKNOWN,MOTORCYCLE,N,77517,1,LIABILITY INSURANCE POLICY,"MOTORCYCLE, SCOOTER, MOPED, ETC. ONLY",DAMAGED 1 MINIMUM,NA,NA,NA,NA,N,WALKERS WRECKER SERVICE,WRECKER LOT,NONE,NA,NA,NORTH,Y,1,0,0,0,0,1,0