CRASH_ID,UNIT_NBR,UNIT_DESC_ID,VEH_PARKED_FL,VEH_HNR_FL,VEH_LIC_STATE_ID,VIN,VEH_MOD_YEAR,VEH_COLOR_ID,VEH_MAKE_ID,VEH_MOD_ID,VEH_BODY_STYL_ID,EMER_RESPNDR_FL,OWNR_ZIP,FIN_RESP_PROOF_ID,FIN_RESP_TYPE_ID,VEH_DMAG_AREA_1_ID,VEH_DMAG_SCL_1_ID,FORCE_DIR_1_ID,VEH_DMAG_AREA_2_ID,VEH_DMAG_SCL_2_ID,FORCE_DIR_2_ID,VEH_INVENTORIED_FL,VEH_TRANSP_NAME,VEH_TRANSP_DEST,CONTRIB_FACTR_1_ID,CONTRIB_FACTR_2_ID,CONTRIB_FACTR_P1_ID,VEH_TRVL_DIR_ID,FIRST_HARM_EVT_INV_ID,INCAP_INJRY_CNT,NONINCAP_INJRY_CNT,POSS_INJRY_CNT,NON_INJRY_CNT,UNKN_INJRY_CNT,TOT_INJRY_CNT,DEATH_CNT
15127267,2,MOTOR VEHICLE,N,Y,UN,JYADG19Y89A000410,NA,NA,NA,NA,MOTORCYCLE,N,92562-8544,1,LIABILITY INSURANCE POLICY,NA,NO DAMAGE,NA,NA,NA,NA,N,,LEFT AT SCENE,NONE,NA,NA,WEST,Y,1,0,0,0,0,1,0
14943971,2,MOTOR VEHICLE,N,N,TX,JS1GN79A432102800,2003,YEL,SUZUKI,NA,MOTORCYCLE,N,75067,2,NA,FRONT END DAMAGE DISTRIBUTED IMPACT,DAMAGED 3,12,NA,NA,NA,N,BRADS,1630 RIVERVIEW DR LEWISVILLE TX 75057,NONE,NA,NA,SOUTH,Y,0,1,0,0,0,1,0
14944151,1,MOTOR VEHICLE,N,N,TX,JH2SC500X2M007165,2002,RED,HONDA,UNKNOWN,MOTORCYCLE,N,77590,2,NA,BACK END DAMAGE CONCENTRATED IMPACT,DAMAGED 4,6,FRONT END DAMAGE CONCENTRATED IMPACT,DAMAGED 5,12,N,BILLS,BILLS,IMPROPER START FROM PARKED POSITION,NA,NA,WEST,Y,0,0,1,0,0,1,0
14945933,1,MOTOR VEHICLE,N,N,TX,1HD1JAB191Y020794,2001,BLU,HARLEY-DAVIDSON,NA,MOTORCYCLE,N,78224,1,PROOF OF LIABILITY INSURANCE,FRONT END (RIGHT)  DAMAGE PARTIAL CONTACT,DAMAGED 4,1,NA,NA,NA,N,MISSION TOWING,GROWDEN POUND,DRIVER INATTENTION,NA,NA,SOUTHWEST,Y,1,0,0,0,0,1,0
14946265,2,MOTOR VEHICLE,N,N,TX,1HD1HHZ157K811748,2007,BLK,HARLEY-DAVIDSON,UNKNOWN,MOTORCYCLE,N,77515,1,PROOF OF LIABILITY INSURANCE,FRONT END (RIGHT)  DAMAGE PARTIAL CONTACT,DAMAGED 1 MINIMUM,1,LEFT SIDE DAMAGE ANGULAR IMPACT,DAMAGED 1 MINIMUM,1,N,,,NONE,NA,NA,SOUTH,Y,0,0,0,1,0,0,0
14946617,1,MOTOR VEHICLE,N,N,TX,JYARJ08E76A008163,2006,BLU,YAMAHA,NA,MOTORCYCLE,N,75147,2,NA,LEFT FRONT QUARTER DAMAGE ANGULAR IMPACT,DAMAGED 1 MINIMUM,10,FRONT END DAMAGE DISTRIBUTED IMPACT,DAMAGED 1 MINIMUM,12,N,,,CHANGED LANE WHEN UNSAFE,NA,FAILED TO CONTROL SPEED,WEST,Y,0,1,0,0,0,1,0
14946803,1,MOTOR VEHICLE,N,N,TX,JYAVP11E57A103822,2007,GRY,YAMAHA,UNKNOWN,MOTORCYCLE,N,77449,1,PROOF OF LIABILITY INSURANCE,"MOTORCYCLE, SCOOTER, MOPED, ETC. ONLY",DAMAGED 1 MINIMUM,1,NA,NA,NA,N,EXPRO COLLISION,940 STATE HIGHWAY 6 SOUTH,FAILED TO CONTROL SPEED,NA,NA,EAST,Y,0,1,0,0,0,1,0
14946879,2,MOTOR VEHICLE,N,N,TX,JH2RC46196M800715,2006,WHI,HONDA,NA,MOTORCYCLE,N,,1,PROOF OF LIABILITY INSURANCE,"MOTORCYCLE, SCOOTER, MOPED, ETC. ONLY",DAMAGED 1 MINIMUM,NA,NA,NA,NA,N,,,NONE,NA,NA,WEST,Y,0,0,0,1,0,0,0
14948238,1,MOTOR VEHICLE,N,N,TX,3H1HF03077D200521,2007,GRY,HONDA,UNKNOWN,MOTORCYCLE,N,78521,1,LIABILITY INSURANCE POLICY,FRONT END DAMAGE DISTRIBUTED IMPACT,DAMAGED 1 MINIMUM,12,NA,NA,NA,N,PUSHED BY MASSO DOEL,1101 E. ADAMS,FAILED TO CONTROL SPEED,NA,NA,EAST,Y,0,0,1,0,0,1,0
14948767,2,MOTOR VEHICLE,N,N,TX,JKBZXNC149A011682,NA,BLK,KAWASAKI,NA,MOTORCYCLE,N,79936,1,PROOF OF LIABILITY INSURANCE,RIGHT SIDE DAMAGE ANGULAR IMPACT,DAMAGED 2,3,NA,NA,NA,N,DRIVER,TRAFFIC,NONE,NA,NA,NORTHWEST,Y,0,0,1,0,0,1,0
14948815,3,MOTOR VEHICLE,N,N,TX,JH2RC6359DK100558,NA,BLK,HONDA,NA,MOTORCYCLE,N,77364,1,PROOF OF LIABILITY INSURANCE,"MOTORCYCLE, SCOOTER, MOPED, ETC. ONLY",DAMAGED 1 MINIMUM,NA,NA,NA,NA,N,GW'S WRECKER SERVICE 936-653-2022,"970 SLADE ST.,COLDSPRING, TX 77331",NONE,NA,NA,NORTH,N,0,1,0,0,0,1,0
14954189,2,MOTOR VEHICLE,N,N,GA,1HD1KBM1XCB690456,NA,BLK,HARLEY-DAVIDSON,NA,MOTORCYCLE,N,75503,1,PROOF OF LIABILITY INSURANCE,"MOTORCYCLE, SCOOTER, MOPED, ETC. ONLY",DAMAGED 1 MINIMUM,1,NA,NA,NA,N,NEELY'S TOWING,3031 W. 7TH ST.,NONE,NA,NA,WEST,Y,0,1,0,0,0,1,0
14955067,1,MOTOR VEHICLE,N,N,TX,JYAVP11Y4YA001519,2000,BLK,YAMAHA,UNKNOWN,MOTORCYCLE,N,77622,1,PROOF OF LIABILITY INSURANCE,"MOTORCYCLE, SCOOTER, MOPED, ETC. ONLY",DAMAGED 1 MINIMUM,NA,NA,NA,NA,Y,PARTICK'S - 409-423-5574,"807 N. MARGARET, KIRBYVILLE, TX 75956",FAILED TO DRIVE IN SINGLE LANE,NA,NA,NORTH,Y,0,0,1,0,0,1,0
14959049,1,MOTOR VEHICLE,N,N,TX,1HFSC220XTA801046,1996,BLU,HONDA,NA,MOTORCYCLE,N,77456,1,PROOF OF LIABILITY INSURANCE,BACK END DAMAGE DISTRIBUTED IMPACT,DAMAGED 4,6,NA,NA,NA,N,,,NONE,NA,NA,SOUTH,Y,1,0,0,0,0,1,0
14963473,1,MOTOR VEHICLE,N,N,TX,1HD1FBM14EB692128,NA,MAR,HARLEY-DAVIDSON,UNKNOWN,MOTORCYCLE,N,78745,1,PROOF OF LIABILITY INSURANCE,DISTRIBUTED LEFT SIDE DAMAGE PARALLEL IMPACT,DAMAGED 3,11,NA,NA,NA,Y,ROCHAS TOWING SERVICE,ROCHAS TOWING SERVICE,UNDER INFLUENCE - ALCOHOL,TURNED IMPROPERLY - CUT CORNER ON LEFT,NA,WEST,Y,1,0,0,0,0,1,0
14966103,2,MOTOR VEHICLE,N,N,TX,JKBZXJC106A034719,2006,BLU,KAWASAKI,NA,MOTORCYCLE,N,77095,1,PROOF OF LIABILITY INSURANCE,DISTRIBUTED LEFT SIDE DAMAGE PARALLEL IMPACT,DAMAGED 3,NA,DISTRIBUTED RIGHT SIDE DAMAGE PARALLEL IMPACT,DAMAGED 3,NA,N,WESTWAY TOWING,"940 HWY 6 SOUTH HOUSTON, TX 77079",CHANGED LANE WHEN UNSAFE,NA,SPEEDING - (OVERLIMIT),NORTH,Y,0,1,0,0,0,1,0
14966198,1,MOTOR VEHICLE,N,N,OK,1HD1BHY121Y032069,2001,ONG,HARLEY-DAVIDSON,NA,MOTORCYCLE,N,78654,1,PROOF OF LIABILITY INSURANCE,"MOTORCYCLE, SCOOTER, MOPED, ETC. ONLY",DAMAGED 1 MINIMUM,NA,NA,NA,NA,Y,HILL COUNTRY WRECKER,"1239 E HWY 1431, MARBLE FALLS, TX 78654",UNDER INFLUENCE - ALCOHOL,UNDER INFLUENCE - DRUG,NA,NORTH,Y,1,0,0,0,0,1,0
14966236,1,MOTOR VEHICLE,N,N,TX,1HD1GXM13EC300857,NA,BLK,HARLEY-DAVIDSON,NA,MOTORCYCLE,N,79938,2,NA,FRONT END DAMAGE CONCENTRATED IMPACT,DAMAGED 1 MINIMUM,12,DISTRIBUTED LEFT SIDE DAMAGE PARALLEL IMPACT,DAMAGED 1 MINIMUM,9,N,OWNER,13841 MONTANA,FAILED TO CONTROL SPEED,NA,NA,EAST,Y,0,0,1,0,0,1,0
14967195,1,MOTOR VEHICLE,N,N,TX,JH2PC35001M210504,2001,BLU,HONDA,NA,MOTORCYCLE,N,75075,1,PROOF OF LIABILITY INSURANCE,"MOTORCYCLE, SCOOTER, MOPED, ETC. ONLY",DAMAGED 1 MINIMUM,NA,NA,NA,NA,N,SIGNATURE TOW,SIGNATURE LOT,UNDER INFLUENCE - ALCOHOL,FAILED TO CONTROL SPEED,NA,SOUTH,Y,0,1,0,0,0,1,0
14968192,2,MOTOR VEHICLE,N,N,TX,JS1GN7EA992101995,NA,BLK,SUZUKI,NA,MOTORCYCLE,N,79915,1,LIABILITY INSURANCE POLICY,FRONT END (LEFT) DAMAGE PARTIAL CONTACT,DAMAGED 5,11,DISTRIBUTED RIGHT SIDE DAMAGE PARALLEL IMPACT,DAMAGED 3,3,N,,,NONE,NA,NA,WEST,Y,0,0,1,0,0,1,0
14968441,1,MOTOR VEHICLE,N,N,TX,1HFSC46053A105006,2003,BLK,HONDA,UNKNOWN,MOTORCYCLE,N,75167,1,PROOF OF LIABILITY INSURANCE,"MOTORCYCLE, SCOOTER, MOPED, ETC. ONLY",DAMAGED 1 MINIMUM,NA,NA,NA,NA,Y,TOW PRO /  972-938-3221,"8215 LITTLE BRANCH WAXAHACHIE, TX 75165",DRIVER INATTENTION,UNSAFE SPEED,NA,NORTHEAST,Y,0,1,0,0,0,1,0
14968837,1,MOTOR VEHICLE,N,N,TX,VTTGM51A772100986,2007,BLK,SUZUKI,UNKNOWN,MOTORCYCLE,N,77074,1,PROOF OF LIABILITY INSURANCE,"MOTORCYCLE, SCOOTER, MOPED, ETC. ONLY",DAMAGED 1 MINIMUM,9,NA,NA,NA,Y,S & J TOWING,416 BOWER RD HUMBLE TX 77338,FAILED TO DRIVE IN SINGLE LANE,NA,DRIVER INATTENTION,SOUTHWEST,Y,0,0,1,0,0,1,0
14969512,2,MOTOR VEHICLE,N,N,NA,L1ETCBMJXCA000101,NA,BLK,UNKNOWN,UNKNOWN,MOTORCYCLE,N,75077,2,NA,"MOTORCYCLE, SCOOTER, MOPED, ETC. ONLY",DAMAGED 1 MINIMUM,NA,NA,NA,NA,N,RON'S TOWING SERVICE,"212 W PARKWAY, DENTON, TX 76201",NA,NA,OTHER (EXPLAIN IN NARRATIVE),EAST,Y,1,0,0,0,0,1,0
14969512,2,MOTOR VEHICLE,N,N,NA,L1ETCBMJXCA000101,NA,BLK,UNKNOWN,UNKNOWN,MOTORCYCLE,N,75077,2,NA,"MOTORCYCLE, SCOOTER, MOPED, ETC. ONLY",DAMAGED 1 MINIMUM,NA,NA,NA,NA,N,RON'S TOWING SERVICE,"212 W PARKWAY, DENTON, TX 76201",NA,NA,OTHER (EXPLAIN IN NARRATIVE),EAST,Y,1,0,0,0,0,1,0
14969902,2,MOTOR VEHICLE,N,N,TX,MLHPC4464E5100864,NA,RED,HONDA,NA,MOTORCYCLE,N,77503,1,PROOF OF LIABILITY INSURANCE,"MOTORCYCLE, SCOOTER, MOPED, ETC. ONLY",DAMAGED 1 MINIMUM,NA,NA,NA,NA,N,EMERGENCY PERFORMANCE,7413 NAVIGATION,NONE,NA,NA,WEST,Y,0,0,1,0,0,1,0
14970172,2,MOTOR VEHICLE,N,N,TX,JH2SC51729K600407,NA,WHI,HONDA,NA,MOTORCYCLE,N,76182,1,PROOF OF LIABILITY INSURANCE,"MOTORCYCLE, SCOOTER, MOPED, ETC. ONLY",DAMAGED 1 MINIMUM,10,NA,NA,NA,N,,,NONE,NA,NA,WEST,Y,1,0,0,0,0,1,0
14970407,2,MOTOR VEHICLE,N,N,TX,JS1GN7EA082108333,NA,BLK,SUZUKI,NA,MOTORCYCLE,N,78521,2,NA,"MOTORCYCLE, SCOOTER, MOPED, ETC. ONLY",DAMAGED 1 MINIMUM,12,NA,NA,NA,N,LUPES WRECKER,6217 PADRE ISLAND HWY B'VILLE TX 78521,NA,NA,SPEEDING - (OVERLIMIT),EAST,Y,1,0,0,0,0,1,0
14970438,2,MOTOR VEHICLE,N,N,TX,1HD1BZB186Y053045,2006,BLK,HARLEY-DAVIDSON,UNKNOWN,MOTORCYCLE,N,78069,1,PROOF OF LIABILITY INSURANCE,"MOTORCYCLE, SCOOTER, MOPED, ETC. ONLY",DAMAGED 1 MINIMUM,NA,NA,NA,NA,Y,SOUTH TEXAS TOWING,"5035 HWY 90 E, HONDO, TX, 78861",NONE,NA,NA,EAST,Y,0,0,0,0,0,0,1
14971515,1,MOTOR VEHICLE,N,N,TX,JH2PC4009FK800510,NA,BLK,HONDA,NA,MOTORCYCLE,N,76182,1,PROOF OF LIABILITY INSURANCE,DISTRIBUTED LEFT SIDE DAMAGE PARALLEL IMPACT,DAMAGED 5,2,NA,NA,NA,N,DRIVEN MY OWNER,OWNER LOCATION,HAD BEEN DRINKING,FAILED TO CONTROL SPEED,NA,NORTH,Y,0,0,1,0,0,1,0
14972605,2,MOTOR VEHICLE,N,N,TX,L5YTCKPA181229090,NA,MAR,ALL OTHER MAKES,UNKNOWN,MOTORCYCLE,N,77551,2,NA,LEFT SIDE DAMAGE ANGULAR IMPACT,DAMAGED 1 MINIMUM,9,RIGHT SIDE DAMAGE ANGULAR IMPACT,DAMAGED 2,3,Y,ALL AMERICAN WRECKER,WRECKER LOT,NONE,NA,NA,EAST,Y,0,1,0,0,0,1,0
14974457,1,MOTOR VEHICLE,N,N,TX,1HD1GHV115K306831,2005,BLK,HARLEY-DAVIDSON,NA,MOTORCYCLE,N,79924,1,PROOF OF LIABILITY INSURANCE,FRONT END DAMAGE DISTRIBUTED IMPACT,DAMAGED 2,12,NA,NA,NA,N,PRIVATE TOW,OWNERS REQUEST,FAILED TO YIELD ROW - TURNING LEFT,TURNED IMPROPERLY - WRONG LANE,NA,NORTH,Y,0,0,1,0,0,1,0
14974600,2,MOTOR VEHICLE,N,N,TX,JYAVP11E49A113664,NA,BLK,YAMAHA,NA,MOTORCYCLE,N,75231,1,PROOF OF LIABILITY INSURANCE,"MOTORCYCLE, SCOOTER, MOPED, ETC. ONLY",DAMAGED 1 MINIMUM,6,NA,NA,NA,N,,,NONE,NA,NA,EAST,Y,0,1,0,0,0,1,0
14976402,1,MOTOR VEHICLE,N,N,TX,JYARJ13E87A002323,2007,RED,YAMAHA,NA,MOTORCYCLE,N,1118,1,PROOF OF LIABILITY INSURANCE,"MOTORCYCLE, SCOOTER, MOPED, ETC. ONLY",DAMAGED 1 MINIMUM,12,NA,NA,NA,Y,MILLIGANS TOWING,MILLIGANS TOWING YARD,OTHER (EXPLAIN IN NARRATIVE),NA,OTHER (EXPLAIN IN NARRATIVE),SOUTHWEST,Y,0,0,0,0,1,0,0
14976492,1,MOTOR VEHICLE,N,N,TX,1B9SC21M27B631030,2007,ONG,ALL OTHER MAKES,UNKNOWN,MOTORCYCLE,N,77388,1,PROOF OF LIABILITY INSURANCE,"MOTORCYCLE, SCOOTER, MOPED, ETC. ONLY",DAMAGED 1 MINIMUM,NA,NA,NA,NA,Y,SADDLE CREEK 281-689-7705,19600 OLD SAND PIT RD NEW CANEY TX 77357,UNDER INFLUENCE - ALCOHOL,UNDER INFLUENCE - DRUG,NA,SOUTHEAST,Y,1,0,0,0,0,1,0
14977407,2,MOTOR VEHICLE,N,N,TX,1HD1BFV27DB052486,NA,RED,HARLEY-DAVIDSON,NA,MOTORCYCLE,N,77062,2,NA,BACK END DAMAGE DISTRIBUTED IMPACT,DAMAGED 1 MINIMUM,12,RIGHT SIDE DAMAGE ANGULAR IMPACT,DAMAGED 1 MINIMUM,3,N,DRIVER,PARKING LOT,NONE,NA,NA,NORTH,Y,0,0,1,0,0,1,0
14977546,1,MOTOR VEHICLE,N,N,TX,1HFSC1803JA301311,1988,BLK,HONDA,UNKNOWN,MOTORCYCLE,N,78249,1,PROOF OF LIABILITY INSURANCE,BACK END DAMAGE DISTRIBUTED IMPACT,DAMAGED 5,6,NA,NA,NA,Y,MISSION TOWING,GROWDEN POUND,NONE,NA,NA,NORTHEAST,Y,0,1,0,0,0,1,0
14978295,2,MOTOR VEHICLE,N,N,TX,SMT915RN3FT704833,NA,GRY,NA,NA,MOTORCYCLE,N,78738,1,PROOF OF LIABILITY INSURANCE,BACK END DAMAGE CONCENTRATED IMPACT,DAMAGED 2,6,FRONT END DAMAGE CONCENTRATED IMPACT,DAMAGED 2,12,N,,,NONE,NA,NA,NORTHEAST,Y,0,0,1,0,0,1,0
14978678,1,MOTOR VEHICLE,N,N,TX,JYARJ06E87A033724,2007,BLU,YAMAHA,NA,MOTORCYCLE,N,76033,1,PROOF OF LIABILITY INSURANCE,"MOTORCYCLE, SCOOTER, MOPED, ETC. ONLY",DAMAGED 1 MINIMUM,NA,NA,NA,NA,N,LONESTAR WRECKER,101 MAXIE ST. CLEBURNE TX 76033,NONE,NA,NA,SOUTHEAST,Y,1,0,0,0,0,1,0
14979903,2,MOTOR VEHICLE,N,N,TX,1HD1BW5127Y063467,2007,RED,HARLEY-DAVIDSON,NA,MOTORCYCLE,N,75683,1,PROOF OF LIABILITY INSURANCE,"MOTORCYCLE, SCOOTER, MOPED, ETC. ONLY",DAMAGED 1 MINIMUM,NA,NA,NA,NA,Y,CUTTER'S TOWING,"1604 S MOODY BLVD, WHITE OAK, TX 75693",NONE,NA,NA,NORTHWEST,Y,0,0,0,0,0,0,1
14980293,2,MOTOR VEHICLE,N,N,TX,ZDM1RANN6CB058227,NA,RED,BUGATTI,UNKNOWN,MOTORCYCLE,N,75703,1,PROOF OF LIABILITY INSURANCE,BACK END DAMAGE DISTRIBUTED IMPACT,DAMAGED 1 MINIMUM,6,NA,NA,NA,N,LIBERTY,LIBERTY,NONE,NA,NA,EAST,Y,0,0,1,0,0,1,0
14980533,1,MOTOR VEHICLE,N,N,TX,JS1GX72A7B2101983,NA,BLK,SUZUKI,NA,MOTORCYCLE,N,97035,1,LIABILITY INSURANCE POLICY,"MOTORCYCLE, SCOOTER, MOPED, ETC. ONLY",DAMAGED 1 MINIMUM,NA,NA,NA,NA,N,NOT TOWED.,NOT TOWED.,NA,NA,SPEEDING - (OVERLIMIT),SOUTH,Y,1,0,0,0,0,1,0
14980731,4,MOTOR VEHICLE,N,N,TX,1HD1CT3119K400814,NA,BLK,HARLEY-DAVIDSON,NA,MOTORCYCLE,N,78861,2,NA,FRONT END DAMAGE CONCENTRATED IMPACT,DAMAGED 3,12,NA,NA,NA,N,CONTRACT TOW,GROWDEN POUND,FOLLOWED TOO CLOSELY,NA,NA,SOUTHWEST,N,0,1,0,0,0,1,0
14981159,2,MOTOR VEHICLE,N,N,TX,JH2SC6106AK001684,NA,RED,HONDA,UNKNOWN,MOTORCYCLE,N,76571,1,PROOF OF LIABILITY INSURANCE,"MOTORCYCLE, SCOOTER, MOPED, ETC. ONLY",DAMAGED 1 MINIMUM,NA,NA,NA,NA,N,BIG JOHNS TOWING,"2010 S HWY BLVD, BELTON, TX 76513",NONE,NA,NA,WEST,Y,0,1,0,0,0,1,0
14981251,1,MOTOR VEHICLE,N,N,TX,JH2SC57075M103832,2005,BLK,HONDA,NA,MOTORCYCLE,N,79029,1,PROOF OF LIABILITY INSURANCE,FRONT END DAMAGE DISTRIBUTED IMPACT,DAMAGED 4,1,NA,NA,NA,N,PACKS WRECKER,PACKS WRECKER,FAILED TO CONTROL SPEED,FLEEING OR EVADING POLICE,NA,WEST,Y,0,1,0,0,0,1,0
14982935,2,MOTOR VEHICLE,N,N,TX,ZDM1RAANX5B075279,2005,BLK,DUCATI,NA,MOTORCYCLE,N,78756,1,LIABILITY INSURANCE POLICY,"MOTORCYCLE, SCOOTER, MOPED, ETC. ONLY",DAMAGED 1 MINIMUM,NA,NA,NA,NA,N,ROCHAS,"5700 BURLESON, AUSTIN, TX 78744",NONE,NA,NA,SOUTH,Y,0,0,1,0,0,1,0
14982941,1,MOTOR VEHICLE,N,N,TX,1HD1BJY145Y017506,2005,BLK,HARLEY-DAVIDSON,NA,MOTORCYCLE,N,76528,1,PROOF OF LIABILITY INSURANCE,"MOTORCYCLE, SCOOTER, MOPED, ETC. ONLY",DAMAGED 1 MINIMUM,NA,NA,NA,NA,Y,ACTION TOWING & RECOVERY,"2611 FM 2657  COPPERAS COVE, TX 76522",UNSAFE SPEED,FAILED TO DRIVE IN SINGLE LANE,NA,NORTH,Y,0,1,0,0,0,1,0
14983232,2,MOTOR VEHICLE,N,N,TX,1HD1EBL15LY115560,1990,MUL,HARLEY-DAVIDSON,NA,MOTORCYCLE,N,76522,1,PROOF OF LIABILITY INSURANCE,"MOTORCYCLE, SCOOTER, MOPED, ETC. ONLY",DAMAGED 1 MINIMUM,12,NA,NA,NA,N,MIDTEX PAINT AND BODY 254-547-0641,"906 W HWY 190, COPPERAS COVE, TX, 76522",NONE,NA,NA,EAST,Y,1,0,0,0,0,1,0
14985204,3,MOTOR VEHICLE,Y,N,TX,RFVPAC201G1017362,NA,RED,NA,NA,MOTORCYCLE,N,78721,2,NA,NA,NA,NA,NA,NA,NA,,,,NONE,NA,NA,NORTH,N,0,0,0,0,0,0,0
14987085,1,MOTOR VEHICLE,N,N,TX,JH2MF0205HK102771,1987,YEL,HONDA,NA,MOTORCYCLE,N,79510,2,NA,"MOTORCYCLE, SCOOTER, MOPED, ETC. ONLY",DAMAGED 1 MINIMUM,12,NA,NA,NA,N,PUSHED AWAY BY OWNER,,FAILED TO YIELD ROW - PRIVATE DRIVE,NA,NA,WEST,Y,0,0,1,0,0,1,0